Año,Código_ATC,Categoría,Sexo,Clase_social,Edad,Personas
2017,N05A,ANTIPSICOTICOS,Hombre,Alta,00-14,0.49
2017,N05A,ANTIPSICOTICOS,Hombre,Media-baja,00-14,0.78
2017,N05A,ANTIPSICOTICOS,Hombre,Muy baja,00-14,1.1
2017,N05A,ANTIPSICOTICOS,Mujer,Alta,00-14,0.11
2017,N05A,ANTIPSICOTICOS,Mujer,Media-baja,00-14,0.19
2017,N05A,ANTIPSICOTICOS,Mujer,Muy baja,00-14,0
2017,N05B,ANSIOLITICOS,Hombre,Alta,00-14,0.32
2017,N05B,ANSIOLITICOS,Hombre,Media-baja,00-14,0.43
2017,N05B,ANSIOLITICOS,Hombre,Muy baja,00-14,0.63
2017,N05B,ANSIOLITICOS,Mujer,Alta,00-14,0.27
2017,N05B,ANSIOLITICOS,Mujer,Media-baja,00-14,0.44
2017,N05B,ANSIOLITICOS,Mujer,Muy baja,00-14,0.43
2017,N05C,HIPNOTICOS Y SEDANTES,Hombre,Alta,00-14,0
2017,N05C,HIPNOTICOS Y SEDANTES,Hombre,Media-baja,00-14,0
2017,N05C,HIPNOTICOS Y SEDANTES,Hombre,Muy baja,00-14,0
2017,N05C,HIPNOTICOS Y SEDANTES,Mujer,Alta,00-14,0
2017,N05C,HIPNOTICOS Y SEDANTES,Mujer,Media-baja,00-14,0
2017,N05C,HIPNOTICOS Y SEDANTES,Mujer,Muy baja,00-14,0
2017,N06A,ANTIDEPRESIVOS,Hombre,Alta,00-14,0.41
2017,N06A,ANTIDEPRESIVOS,Hombre,Media-baja,00-14,0.39
2017,N06A,ANTIDEPRESIVOS,Hombre,Muy baja,00-14,0
2017,N06A,ANTIDEPRESIVOS,Mujer,Alta,00-14,0.25
2017,N06A,ANTIDEPRESIVOS,Mujer,Media-baja,00-14,0.4
2017,N06A,ANTIDEPRESIVOS,Mujer,Muy baja,00-14,0
2017,N05A,ANTIPSICOTICOS,Hombre,Alta,15-34,2.89
2017,N05A,ANTIPSICOTICOS,Hombre,Media-baja,15-34,4.87
2017,N05A,ANTIPSICOTICOS,Hombre,Muy baja,15-34,40.85
2017,N05A,ANTIPSICOTICOS,Mujer,Alta,15-34,1.05
2017,N05A,ANTIPSICOTICOS,Mujer,Media-baja,15-34,1.75
2017,N05A,ANTIPSICOTICOS,Mujer,Muy baja,15-34,10.27
2017,N05B,ANSIOLITICOS,Hombre,Alta,15-34,2.56
2017,N05B,ANSIOLITICOS,Hombre,Media-baja,15-34,6.43
2017,N05B,ANSIOLITICOS,Hombre,Muy baja,15-34,33.61
2017,N05B,ANSIOLITICOS,Mujer,Alta,15-34,3.8
2017,N05B,ANSIOLITICOS,Mujer,Media-baja,15-34,7.8
2017,N05B,ANSIOLITICOS,Mujer,Muy baja,15-34,23.61
2017,N05C,HIPNOTICOS Y SEDANTES,Hombre,Alta,15-34,0.66
2017,N05C,HIPNOTICOS Y SEDANTES,Hombre,Media-baja,15-34,1.77
2017,N05C,HIPNOTICOS Y SEDANTES,Hombre,Muy baja,15-34,9.17
2017,N05C,HIPNOTICOS Y SEDANTES,Mujer,Alta,15-34,1.11
2017,N05C,HIPNOTICOS Y SEDANTES,Mujer,Media-baja,15-34,2.57
2017,N05C,HIPNOTICOS Y SEDANTES,Mujer,Muy baja,15-34,7.61
2017,N06A,ANTIDEPRESIVOS,Hombre,Alta,15-34,8.38
2017,N06A,ANTIDEPRESIVOS,Hombre,Media-baja,15-34,10.89
2017,N06A,ANTIDEPRESIVOS,Hombre,Muy baja,15-34,25.54
2017,N06A,ANTIDEPRESIVOS,Mujer,Alta,15-34,12.74
2017,N06A,ANTIDEPRESIVOS,Mujer,Media-baja,15-34,18.61
2017,N06A,ANTIDEPRESIVOS,Mujer,Muy baja,15-34,32.6
2017,N05A,ANTIPSICOTICOS,Hombre,Alta,34-64,3.07
2017,N05A,ANTIPSICOTICOS,Hombre,Media-baja,34-64,16.87
2017,N05A,ANTIPSICOTICOS,Hombre,Muy baja,34-64,70.09
2017,N05A,ANTIPSICOTICOS,Mujer,Alta,34-64,3.64
2017,N05A,ANTIPSICOTICOS,Mujer,Media-baja,34-64,8.81
2017,N05A,ANTIPSICOTICOS,Mujer,Muy baja,34-64,35.15
2017,N05B,ANSIOLITICOS,Hombre,Alta,34-64,17.29
2017,N05B,ANSIOLITICOS,Hombre,Media-baja,34-64,36.45
2017,N05B,ANSIOLITICOS,Hombre,Muy baja,34-64,165.11
2017,N05B,ANSIOLITICOS,Mujer,Alta,34-64,35.6
2017,N05B,ANSIOLITICOS,Mujer,Media-baja,34-64,57.4
2017,N05B,ANSIOLITICOS,Mujer,Muy baja,34-64,160.42
2017,N05C,HIPNOTICOS Y SEDANTES,Hombre,Alta,34-64,9.78
2017,N05C,HIPNOTICOS Y SEDANTES,Hombre,Media-baja,34-64,16.44
2017,N05C,HIPNOTICOS Y SEDANTES,Hombre,Muy baja,34-64,47.7
2017,N05C,HIPNOTICOS Y SEDANTES,Mujer,Alta,34-64,19.18
2017,N05C,HIPNOTICOS Y SEDANTES,Mujer,Media-baja,34-64,28.15
2017,N05C,HIPNOTICOS Y SEDANTES,Mujer,Muy baja,34-64,65.27
2017,N06A,ANTIDEPRESIVOS,Hombre,Alta,34-64,29.0
2017,N06A,ANTIDEPRESIVOS,Hombre,Media-baja,34-64,43.37
2017,N06A,ANTIDEPRESIVOS,Hombre,Muy baja,34-64,86.75
2017,N06A,ANTIDEPRESIVOS,Mujer,Alta,34-64,73.74
2017,N06A,ANTIDEPRESIVOS,Mujer,Media-baja,34-64,98.56
2017,N06A,ANTIDEPRESIVOS,Mujer,Muy baja,34-64,190.95
2017,N05A,ANTIPSICOTICOS,Hombre,Alta,65 y más años,3.88
2017,N05A,ANTIPSICOTICOS,Hombre,Media-baja,65 y más años,10.38
2017,N05A,ANTIPSICOTICOS,Hombre,Muy baja,65 y más años,31.35
2017,N05A,ANTIPSICOTICOS,Mujer,Alta,65 y más años,6.3
2017,N05A,ANTIPSICOTICOS,Mujer,Media-baja,65 y más años,11.52
2017,N05A,ANTIPSICOTICOS,Mujer,Muy baja,65 y más años,24.39
2017,N05B,ANSIOLITICOS,Hombre,Alta,65 y más años,41.6
2017,N05B,ANSIOLITICOS,Hombre,Media-baja,65 y más años,62.75
2017,N05B,ANSIOLITICOS,Hombre,Muy baja,65 y más años,91.88
2017,N05B,ANSIOLITICOS,Mujer,Alta,65 y más años,91.28
2017,N05B,ANSIOLITICOS,Mujer,Media-baja,65 y más años,123.94
2017,N05B,ANSIOLITICOS,Mujer,Muy baja,65 y más años,172.49
2017,N05C,HIPNOTICOS Y SEDANTES,Hombre,Alta,65 y más años,37.77
2017,N05C,HIPNOTICOS Y SEDANTES,Hombre,Media-baja,65 y más años,54.67
2017,N05C,HIPNOTICOS Y SEDANTES,Hombre,Muy baja,65 y más años,77.29
2017,N05C,HIPNOTICOS Y SEDANTES,Mujer,Alta,65 y más años,65.57
2017,N05C,HIPNOTICOS Y SEDANTES,Mujer,Media-baja,65 y más años,93.43
2017,N05C,HIPNOTICOS Y SEDANTES,Mujer,Muy baja,65 y más años,113.79
2017,N06A,ANTIDEPRESIVOS,Hombre,Alta,65 y más años,60.39
2017,N06A,ANTIDEPRESIVOS,Hombre,Media-baja,65 y más años,85.26
2017,N06A,ANTIDEPRESIVOS,Hombre,Muy baja,65 y más años,83.52
2017,N06A,ANTIDEPRESIVOS,Mujer,Alta,65 y más años,155.51
2017,N06A,ANTIDEPRESIVOS,Mujer,Media-baja,65 y más años,210.48
2017,N06A,ANTIDEPRESIVOS,Mujer,Muy baja,65 y más años,245.52
2018,N05A,ANTIPSICOTICOS,Hombre,Alta,00-14,0.62
2018,N05A,ANTIPSICOTICOS,Hombre,Media-baja,00-14,0.86
2018,N05A,ANTIPSICOTICOS,Hombre,Muy baja,00-14,1.5
2018,N05A,ANTIPSICOTICOS,Mujer,Alta,00-14,0.13
2018,N05A,ANTIPSICOTICOS,Mujer,Media-baja,00-14,0.22
2018,N05A,ANTIPSICOTICOS,Mujer,Muy baja,00-14,0.27
2018,N05B,ANSIOLITICOS,Hombre,Alta,00-14,0.32
2018,N05B,ANSIOLITICOS,Hombre,Media-baja,00-14,0.51
2018,N05B,ANSIOLITICOS,Hombre,Muy baja,00-14,0.63
2018,N05B,ANSIOLITICOS,Mujer,Alta,00-14,0.23
2018,N05B,ANSIOLITICOS,Mujer,Media-baja,00-14,0.45
2018,N05B,ANSIOLITICOS,Mujer,Muy baja,00-14,0.45
2018,N05C,HIPNOTICOS Y SEDANTES,Hombre,Alta,00-14,0.03
2018,N05C,HIPNOTICOS Y SEDANTES,Hombre,Media-baja,00-14,0.01
2018,N05C,HIPNOTICOS Y SEDANTES,Hombre,Muy baja,00-14,0
2018,N05C,HIPNOTICOS Y SEDANTES,Mujer,Alta,00-14,0.01
2018,N05C,HIPNOTICOS Y SEDANTES,Mujer,Media-baja,00-14,0.01
2018,N05C,HIPNOTICOS Y SEDANTES,Mujer,Muy baja,00-14,0
2018,N06A,ANTIDEPRESIVOS,Hombre,Alta,00-14,0.48
2018,N06A,ANTIDEPRESIVOS,Hombre,Media-baja,00-14,0.32
2018,N06A,ANTIDEPRESIVOS,Hombre,Muy baja,00-14,0
2018,N06A,ANTIDEPRESIVOS,Mujer,Alta,00-14,0.38
2018,N06A,ANTIDEPRESIVOS,Mujer,Media-baja,00-14,0.38
2018,N06A,ANTIDEPRESIVOS,Mujer,Muy baja,00-14,0
2018,N05A,ANTIPSICOTICOS,Hombre,Alta,15-34,3.49
2018,N05A,ANTIPSICOTICOS,Hombre,Media-baja,15-34,5.74
2018,N05A,ANTIPSICOTICOS,Hombre,Muy baja,15-34,45.09
2018,N05A,ANTIPSICOTICOS,Mujer,Alta,15-34,1.41
2018,N05A,ANTIPSICOTICOS,Mujer,Media-baja,15-34,1.95
2018,N05A,ANTIPSICOTICOS,Mujer,Muy baja,15-34,12.43
2018,N05B,ANSIOLITICOS,Hombre,Alta,15-34,3.35
2018,N05B,ANSIOLITICOS,Hombre,Media-baja,15-34,7.81
2018,N05B,ANSIOLITICOS,Hombre,Muy baja,15-34,37.14
2018,N05B,ANSIOLITICOS,Mujer,Alta,15-34,4.24
2018,N05B,ANSIOLITICOS,Mujer,Media-baja,15-34,9.25
2018,N05B,ANSIOLITICOS,Mujer,Muy baja,15-34,24.95
2018,N05C,HIPNOTICOS Y SEDANTES,Hombre,Alta,15-34,0.81
2018,N05C,HIPNOTICOS Y SEDANTES,Hombre,Media-baja,15-34,2.03
2018,N05C,HIPNOTICOS Y SEDANTES,Hombre,Muy baja,15-34,8.71
2018,N05C,HIPNOTICOS Y SEDANTES,Mujer,Alta,15-34,1.46
2018,N05C,HIPNOTICOS Y SEDANTES,Mujer,Media-baja,15-34,2.46
2018,N05C,HIPNOTICOS Y SEDANTES,Mujer,Muy baja,15-34,7.94
2018,N06A,ANTIDEPRESIVOS,Hombre,Alta,15-34,8.64
2018,N06A,ANTIDEPRESIVOS,Hombre,Media-baja,15-34,11.9
2018,N06A,ANTIDEPRESIVOS,Hombre,Muy baja,15-34,25.38
2018,N06A,ANTIDEPRESIVOS,Mujer,Alta,15-34,13.4
2018,N06A,ANTIDEPRESIVOS,Mujer,Media-baja,15-34,19.06
2018,N06A,ANTIDEPRESIVOS,Mujer,Muy baja,15-34,30.06
2018,N05A,ANTIPSICOTICOS,Hombre,Alta,34-64,3.41
2018,N05A,ANTIPSICOTICOS,Hombre,Media-baja,34-64,19.31
2018,N05A,ANTIPSICOTICOS,Hombre,Muy baja,34-64,87.25
2018,N05A,ANTIPSICOTICOS,Mujer,Alta,34-64,3.46
2018,N05A,ANTIPSICOTICOS,Mujer,Media-baja,34-64,9.9
2018,N05A,ANTIPSICOTICOS,Mujer,Muy baja,34-64,39.0
2018,N05B,ANSIOLITICOS,Hombre,Alta,34-64,19.85
2018,N05B,ANSIOLITICOS,Hombre,Media-baja,34-64,43.56
2018,N05B,ANSIOLITICOS,Hombre,Muy baja,34-64,215.37
2018,N05B,ANSIOLITICOS,Mujer,Alta,34-64,36.96
2018,N05B,ANSIOLITICOS,Mujer,Media-baja,34-64,65.5
2018,N05B,ANSIOLITICOS,Mujer,Muy baja,34-64,174.46
2018,N05C,HIPNOTICOS Y SEDANTES,Hombre,Alta,34-64,10.52
2018,N05C,HIPNOTICOS Y SEDANTES,Hombre,Media-baja,34-64,18.38
2018,N05C,HIPNOTICOS Y SEDANTES,Hombre,Muy baja,34-64,51.26
2018,N05C,HIPNOTICOS Y SEDANTES,Mujer,Alta,34-64,19.24
2018,N05C,HIPNOTICOS Y SEDANTES,Mujer,Media-baja,34-64,29.27
2018,N05C,HIPNOTICOS Y SEDANTES,Mujer,Muy baja,34-64,65.36
2018,N06A,ANTIDEPRESIVOS,Hombre,Alta,34-64,32.26
2018,N06A,ANTIDEPRESIVOS,Hombre,Media-baja,34-64,47.11
2018,N06A,ANTIDEPRESIVOS,Hombre,Muy baja,34-64,96.29
2018,N06A,ANTIDEPRESIVOS,Mujer,Alta,34-64,74.68
2018,N06A,ANTIDEPRESIVOS,Mujer,Media-baja,34-64,104.33
2018,N06A,ANTIDEPRESIVOS,Mujer,Muy baja,34-64,196.49
2018,N05A,ANTIPSICOTICOS,Hombre,Alta,65 y más años,4.03
2018,N05A,ANTIPSICOTICOS,Hombre,Media-baja,65 y más años,12.01
2018,N05A,ANTIPSICOTICOS,Hombre,Muy baja,65 y más años,28.95
2018,N05A,ANTIPSICOTICOS,Mujer,Alta,65 y más años,6.82
2018,N05A,ANTIPSICOTICOS,Mujer,Media-baja,65 y más años,12.89
2018,N05A,ANTIPSICOTICOS,Mujer,Muy baja,65 y más años,24.98
2018,N05B,ANSIOLITICOS,Hombre,Alta,65 y más años,45.43
2018,N05B,ANSIOLITICOS,Hombre,Media-baja,65 y más años,67.33
2018,N05B,ANSIOLITICOS,Hombre,Muy baja,65 y más años,102.47
2018,N05B,ANSIOLITICOS,Mujer,Alta,65 y más años,97.84
2018,N05B,ANSIOLITICOS,Mujer,Media-baja,65 y más años,136.9
2018,N05B,ANSIOLITICOS,Mujer,Muy baja,65 y más años,194.9
2018,N05C,HIPNOTICOS Y SEDANTES,Hombre,Alta,65 y más años,40.77
2018,N05C,HIPNOTICOS Y SEDANTES,Hombre,Media-baja,65 y más años,60.05
2018,N05C,HIPNOTICOS Y SEDANTES,Hombre,Muy baja,65 y más años,81.1
2018,N05C,HIPNOTICOS Y SEDANTES,Mujer,Alta,65 y más años,69.98
2018,N05C,HIPNOTICOS Y SEDANTES,Mujer,Media-baja,65 y más años,104.24
2018,N05C,HIPNOTICOS Y SEDANTES,Mujer,Muy baja,65 y más años,126.22
2018,N06A,ANTIDEPRESIVOS,Hombre,Alta,65 y más años,65.08
2018,N06A,ANTIDEPRESIVOS,Hombre,Media-baja,65 y más años,89.18
2018,N06A,ANTIDEPRESIVOS,Hombre,Muy baja,65 y más años,86.71
2018,N06A,ANTIDEPRESIVOS,Mujer,Alta,65 y más años,167.04
2018,N06A,ANTIDEPRESIVOS,Mujer,Media-baja,65 y más años,228.9
2018,N06A,ANTIDEPRESIVOS,Mujer,Muy baja,65 y más años,258.92
2019,N05A,ANTIPSICOTICOS,Hombre,Alta,00-14,0.95
2019,N05A,ANTIPSICOTICOS,Hombre,Media-baja,00-14,1.13
2019,N05A,ANTIPSICOTICOS,Hombre,Muy baja,00-14,2.06
2019,N05A,ANTIPSICOTICOS,Mujer,Alta,00-14,0.19
2019,N05A,ANTIPSICOTICOS,Mujer,Media-baja,00-14,0.32
2019,N05A,ANTIPSICOTICOS,Mujer,Muy baja,00-14,0.45
2019,N05B,ANSIOLITICOS,Hombre,Alta,00-14,0.44
2019,N05B,ANSIOLITICOS,Hombre,Media-baja,00-14,0.56
2019,N05B,ANSIOLITICOS,Hombre,Muy baja,00-14,0.88
2019,N05B,ANSIOLITICOS,Mujer,Alta,00-14,0.44
2019,N05B,ANSIOLITICOS,Mujer,Media-baja,00-14,0.5
2019,N05B,ANSIOLITICOS,Mujer,Muy baja,00-14,0.72
2019,N05C,HIPNOTICOS Y SEDANTES,Hombre,Alta,00-14,0.04
2019,N05C,HIPNOTICOS Y SEDANTES,Hombre,Media-baja,00-14,0.02
2019,N05C,HIPNOTICOS Y SEDANTES,Hombre,Muy baja,00-14,0
2019,N05C,HIPNOTICOS Y SEDANTES,Mujer,Alta,00-14,0.02
2019,N05C,HIPNOTICOS Y SEDANTES,Mujer,Media-baja,00-14,0.03
2019,N05C,HIPNOTICOS Y SEDANTES,Mujer,Muy baja,00-14,0
2019,N06A,ANTIDEPRESIVOS,Hombre,Alta,00-14,0.61
2019,N06A,ANTIDEPRESIVOS,Hombre,Media-baja,00-14,0.51
2019,N06A,ANTIDEPRESIVOS,Hombre,Muy baja,00-14,0
2019,N06A,ANTIDEPRESIVOS,Mujer,Alta,00-14,0.68
2019,N06A,ANTIDEPRESIVOS,Mujer,Media-baja,00-14,0.49
2019,N06A,ANTIDEPRESIVOS,Mujer,Muy baja,00-14,0
2019,N05A,ANTIPSICOTICOS,Hombre,Alta,15-34,4.59
2019,N05A,ANTIPSICOTICOS,Hombre,Media-baja,15-34,6.9
2019,N05A,ANTIPSICOTICOS,Hombre,Muy baja,15-34,44.41
2019,N05A,ANTIPSICOTICOS,Mujer,Alta,15-34,1.93
2019,N05A,ANTIPSICOTICOS,Mujer,Media-baja,15-34,2.47
2019,N05A,ANTIPSICOTICOS,Mujer,Muy baja,15-34,11.9
2019,N05B,ANSIOLITICOS,Hombre,Alta,15-34,3.38
2019,N05B,ANSIOLITICOS,Hombre,Media-baja,15-34,7.85
2019,N05B,ANSIOLITICOS,Hombre,Muy baja,15-34,33.05
2019,N05B,ANSIOLITICOS,Mujer,Alta,15-34,4.89
2019,N05B,ANSIOLITICOS,Mujer,Media-baja,15-34,9.74
2019,N05B,ANSIOLITICOS,Mujer,Muy baja,15-34,24.12
2019,N05C,HIPNOTICOS Y SEDANTES,Hombre,Alta,15-34,1.1
2019,N05C,HIPNOTICOS Y SEDANTES,Hombre,Media-baja,15-34,2.18
2019,N05C,HIPNOTICOS Y SEDANTES,Hombre,Muy baja,15-34,7.15
2019,N05C,HIPNOTICOS Y SEDANTES,Mujer,Alta,15-34,1.47
2019,N05C,HIPNOTICOS Y SEDANTES,Mujer,Media-baja,15-34,2.89
2019,N05C,HIPNOTICOS Y SEDANTES,Mujer,Muy baja,15-34,6.61
2019,N06A,ANTIDEPRESIVOS,Hombre,Alta,15-34,10.26
2019,N06A,ANTIDEPRESIVOS,Hombre,Media-baja,15-34,13.42
2019,N06A,ANTIDEPRESIVOS,Hombre,Muy baja,15-34,26.47
2019,N06A,ANTIDEPRESIVOS,Mujer,Alta,15-34,16.43
2019,N06A,ANTIDEPRESIVOS,Mujer,Media-baja,15-34,21.88
2019,N06A,ANTIDEPRESIVOS,Mujer,Muy baja,15-34,31.17
2019,N05A,ANTIPSICOTICOS,Hombre,Alta,34-64,3.96
2019,N05A,ANTIPSICOTICOS,Hombre,Media-baja,34-64,21.83
2019,N05A,ANTIPSICOTICOS,Hombre,Muy baja,34-64,97.23
2019,N05A,ANTIPSICOTICOS,Mujer,Alta,34-64,4.43
2019,N05A,ANTIPSICOTICOS,Mujer,Media-baja,34-64,11.47
2019,N05A,ANTIPSICOTICOS,Mujer,Muy baja,34-64,41.81
2019,N05B,ANSIOLITICOS,Hombre,Alta,34-64,20.86
2019,N05B,ANSIOLITICOS,Hombre,Media-baja,34-64,46.94
2019,N05B,ANSIOLITICOS,Hombre,Muy baja,34-64,220.5
2019,N05B,ANSIOLITICOS,Mujer,Alta,34-64,43.12
2019,N05B,ANSIOLITICOS,Mujer,Media-baja,34-64,68.45
2019,N05B,ANSIOLITICOS,Mujer,Muy baja,34-64,174.52
2019,N05C,HIPNOTICOS Y SEDANTES,Hombre,Alta,34-64,11.5
2019,N05C,HIPNOTICOS Y SEDANTES,Hombre,Media-baja,34-64,20.31
2019,N05C,HIPNOTICOS Y SEDANTES,Hombre,Muy baja,34-64,53.05
2019,N05C,HIPNOTICOS Y SEDANTES,Mujer,Alta,34-64,21.63
2019,N05C,HIPNOTICOS Y SEDANTES,Mujer,Media-baja,34-64,32.32
2019,N05C,HIPNOTICOS Y SEDANTES,Mujer,Muy baja,34-64,66.4
2019,N06A,ANTIDEPRESIVOS,Hombre,Alta,34-64,36.69
2019,N06A,ANTIDEPRESIVOS,Hombre,Media-baja,34-64,53.28
2019,N06A,ANTIDEPRESIVOS,Hombre,Muy baja,34-64,103.27
2019,N06A,ANTIDEPRESIVOS,Mujer,Alta,34-64,87.2
2019,N06A,ANTIDEPRESIVOS,Mujer,Media-baja,34-64,113.92
2019,N06A,ANTIDEPRESIVOS,Mujer,Muy baja,34-64,207.82
2019,N05A,ANTIPSICOTICOS,Hombre,Alta,65 y más años,4.82
2019,N05A,ANTIPSICOTICOS,Hombre,Media-baja,65 y más años,12.99
2019,N05A,ANTIPSICOTICOS,Hombre,Muy baja,65 y más años,30.05
2019,N05A,ANTIPSICOTICOS,Mujer,Alta,65 y más años,7.98
2019,N05A,ANTIPSICOTICOS,Mujer,Media-baja,65 y más años,14.17
2019,N05A,ANTIPSICOTICOS,Mujer,Muy baja,65 y más años,26.36
2019,N05B,ANSIOLITICOS,Hombre,Alta,65 y más años,48.87
2019,N05B,ANSIOLITICOS,Hombre,Media-baja,65 y más años,70.32
2019,N05B,ANSIOLITICOS,Hombre,Muy baja,65 y más años,105.81
2019,N05B,ANSIOLITICOS,Mujer,Alta,65 y más años,107.59
2019,N05B,ANSIOLITICOS,Mujer,Media-baja,65 y más años,143.37
2019,N05B,ANSIOLITICOS,Mujer,Muy baja,65 y más años,195.61
2019,N05C,HIPNOTICOS Y SEDANTES,Hombre,Alta,65 y más años,43.57
2019,N05C,HIPNOTICOS Y SEDANTES,Hombre,Media-baja,65 y más años,63.52
2019,N05C,HIPNOTICOS Y SEDANTES,Hombre,Muy baja,65 y más años,81.54
2019,N05C,HIPNOTICOS Y SEDANTES,Mujer,Alta,65 y más años,79.6
2019,N05C,HIPNOTICOS Y SEDANTES,Mujer,Media-baja,65 y más años,111.4
2019,N05C,HIPNOTICOS Y SEDANTES,Mujer,Muy baja,65 y más años,125.93
2019,N06A,ANTIDEPRESIVOS,Hombre,Alta,65 y más años,72.18
2019,N06A,ANTIDEPRESIVOS,Hombre,Media-baja,65 y más años,97.05
2019,N06A,ANTIDEPRESIVOS,Hombre,Muy baja,65 y más años,88.83
2019,N06A,ANTIDEPRESIVOS,Mujer,Alta,65 y más años,189.68
2019,N06A,ANTIDEPRESIVOS,Mujer,Media-baja,65 y más años,249.28
2019,N06A,ANTIDEPRESIVOS,Mujer,Muy baja,65 y más años,276.73
2020,N05A,ANTIPSICOTICOS,Hombre,Alta,00-14,0.92
2020,N05A,ANTIPSICOTICOS,Hombre,Media-baja,00-14,1.15
2020,N05A,ANTIPSICOTICOS,Hombre,Muy baja,00-14,2.31
2020,N05A,ANTIPSICOTICOS,Mujer,Alta,00-14,0.21
2020,N05A,ANTIPSICOTICOS,Mujer,Media-baja,00-14,0.37
2020,N05A,ANTIPSICOTICOS,Mujer,Muy baja,00-14,0.27
2020,N05B,ANSIOLITICOS,Hombre,Alta,00-14,0.35
2020,N05B,ANSIOLITICOS,Hombre,Media-baja,00-14,0.54
2020,N05B,ANSIOLITICOS,Hombre,Muy baja,00-14,0.74
2020,N05B,ANSIOLITICOS,Mujer,Alta,00-14,0.42
2020,N05B,ANSIOLITICOS,Mujer,Media-baja,00-14,0.53
2020,N05B,ANSIOLITICOS,Mujer,Muy baja,00-14,0.7
2020,N05C,HIPNOTICOS Y SEDANTES,Hombre,Alta,00-14,0.03
2020,N05C,HIPNOTICOS Y SEDANTES,Hombre,Media-baja,00-14,0.02
2020,N05C,HIPNOTICOS Y SEDANTES,Hombre,Muy baja,00-14,0
2020,N05C,HIPNOTICOS Y SEDANTES,Mujer,Alta,00-14,0.02
2020,N05C,HIPNOTICOS Y SEDANTES,Mujer,Media-baja,00-14,0.04
2020,N05C,HIPNOTICOS Y SEDANTES,Mujer,Muy baja,00-14,0
2020,N06A,ANTIDEPRESIVOS,Hombre,Alta,00-14,0.6
2020,N06A,ANTIDEPRESIVOS,Hombre,Media-baja,00-14,0.65
2020,N06A,ANTIDEPRESIVOS,Hombre,Muy baja,00-14,0.33
2020,N06A,ANTIDEPRESIVOS,Mujer,Alta,00-14,0.76
2020,N06A,ANTIDEPRESIVOS,Mujer,Media-baja,00-14,0.68
2020,N06A,ANTIDEPRESIVOS,Mujer,Muy baja,00-14,0.57
2020,N05A,ANTIPSICOTICOS,Hombre,Alta,15-34,4.95
2020,N05A,ANTIPSICOTICOS,Hombre,Media-baja,15-34,7.23
2020,N05A,ANTIPSICOTICOS,Hombre,Muy baja,15-34,36.96
2020,N05A,ANTIPSICOTICOS,Mujer,Alta,15-34,2.01
2020,N05A,ANTIPSICOTICOS,Mujer,Media-baja,15-34,2.64
2020,N05A,ANTIPSICOTICOS,Mujer,Muy baja,15-34,9.99
2020,N05B,ANSIOLITICOS,Hombre,Alta,15-34,3.64
2020,N05B,ANSIOLITICOS,Hombre,Media-baja,15-34,8.48
2020,N05B,ANSIOLITICOS,Hombre,Muy baja,15-34,26.37
2020,N05B,ANSIOLITICOS,Mujer,Alta,15-34,5.38
2020,N05B,ANSIOLITICOS,Mujer,Media-baja,15-34,10.15
2020,N05B,ANSIOLITICOS,Mujer,Muy baja,15-34,20.96
2020,N05C,HIPNOTICOS Y SEDANTES,Hombre,Alta,15-34,1.09
2020,N05C,HIPNOTICOS Y SEDANTES,Hombre,Media-baja,15-34,2.4
2020,N05C,HIPNOTICOS Y SEDANTES,Hombre,Muy baja,15-34,6.57
2020,N05C,HIPNOTICOS Y SEDANTES,Mujer,Alta,15-34,2.14
2020,N05C,HIPNOTICOS Y SEDANTES,Mujer,Media-baja,15-34,2.97
2020,N05C,HIPNOTICOS Y SEDANTES,Mujer,Muy baja,15-34,6.81
2020,N06A,ANTIDEPRESIVOS,Hombre,Alta,15-34,10.85
2020,N06A,ANTIDEPRESIVOS,Hombre,Media-baja,15-34,14.77
2020,N06A,ANTIDEPRESIVOS,Hombre,Muy baja,15-34,22.93
2020,N06A,ANTIDEPRESIVOS,Mujer,Alta,15-34,19.41
2020,N06A,ANTIDEPRESIVOS,Mujer,Media-baja,15-34,23.77
2020,N06A,ANTIDEPRESIVOS,Mujer,Muy baja,15-34,30.28
2020,N05A,ANTIPSICOTICOS,Hombre,Alta,34-64,4.01
2020,N05A,ANTIPSICOTICOS,Hombre,Media-baja,34-64,23.13
2020,N05A,ANTIPSICOTICOS,Hombre,Muy baja,34-64,99.52
2020,N05A,ANTIPSICOTICOS,Mujer,Alta,34-64,4.73
2020,N05A,ANTIPSICOTICOS,Mujer,Media-baja,34-64,12.08
2020,N05A,ANTIPSICOTICOS,Mujer,Muy baja,34-64,39.5
2020,N05B,ANSIOLITICOS,Hombre,Alta,34-64,22.13
2020,N05B,ANSIOLITICOS,Hombre,Media-baja,34-64,49.38
2020,N05B,ANSIOLITICOS,Hombre,Muy baja,34-64,205.83
2020,N05B,ANSIOLITICOS,Mujer,Alta,34-64,45.15
2020,N05B,ANSIOLITICOS,Mujer,Media-baja,34-64,71.67
2020,N05B,ANSIOLITICOS,Mujer,Muy baja,34-64,170.19
2020,N05C,HIPNOTICOS Y SEDANTES,Hombre,Alta,34-64,12.04
2020,N05C,HIPNOTICOS Y SEDANTES,Hombre,Media-baja,34-64,21.76
2020,N05C,HIPNOTICOS Y SEDANTES,Hombre,Muy baja,34-64,51.46
2020,N05C,HIPNOTICOS Y SEDANTES,Mujer,Alta,34-64,22.59
2020,N05C,HIPNOTICOS Y SEDANTES,Mujer,Media-baja,34-64,33.9
2020,N05C,HIPNOTICOS Y SEDANTES,Mujer,Muy baja,34-64,65.09
2020,N06A,ANTIDEPRESIVOS,Hombre,Alta,34-64,38.5
2020,N06A,ANTIDEPRESIVOS,Hombre,Media-baja,34-64,55.92
2020,N06A,ANTIDEPRESIVOS,Hombre,Muy baja,34-64,103.22
2020,N06A,ANTIDEPRESIVOS,Mujer,Alta,34-64,91.8
2020,N06A,ANTIDEPRESIVOS,Mujer,Media-baja,34-64,118.5
2020,N06A,ANTIDEPRESIVOS,Mujer,Muy baja,34-64,200.95
2020,N05A,ANTIPSICOTICOS,Hombre,Alta,65 y más años,5.39
2020,N05A,ANTIPSICOTICOS,Hombre,Media-baja,65 y más años,14.46
2020,N05A,ANTIPSICOTICOS,Hombre,Muy baja,65 y más años,31
2020,N05A,ANTIPSICOTICOS,Mujer,Alta,65 y más años,8.64
2020,N05A,ANTIPSICOTICOS,Mujer,Media-baja,65 y más años,15.38
2020,N05A,ANTIPSICOTICOS,Mujer,Muy baja,65 y más años,27.82
2020,N05B,ANSIOLITICOS,Hombre,Alta,65 y más años,50.42
2020,N05B,ANSIOLITICOS,Hombre,Media-baja,65 y más años,72.93
2020,N05B,ANSIOLITICOS,Hombre,Muy baja,65 y más años,111.8
2020,N05B,ANSIOLITICOS,Mujer,Alta,65 y más años,111.03
2020,N05B,ANSIOLITICOS,Mujer,Media-baja,65 y más años,147.5
2020,N05B,ANSIOLITICOS,Mujer,Muy baja,65 y más años,202.59
2020,N05C,HIPNOTICOS Y SEDANTES,Hombre,Alta,65 y más años,45.3
2020,N05C,HIPNOTICOS Y SEDANTES,Hombre,Media-baja,65 y más años,65.54
2020,N05C,HIPNOTICOS Y SEDANTES,Hombre,Muy baja,65 y más años,77.94
2020,N05C,HIPNOTICOS Y SEDANTES,Mujer,Alta,65 y más años,82.24
2020,N05C,HIPNOTICOS Y SEDANTES,Mujer,Media-baja,65 y más años,113.11
2020,N05C,HIPNOTICOS Y SEDANTES,Mujer,Muy baja,65 y más años,124.91
2020,N06A,ANTIDEPRESIVOS,Hombre,Alta,65 y más años,74.9
2020,N06A,ANTIDEPRESIVOS,Hombre,Media-baja,65 y más años,101.06
2020,N06A,ANTIDEPRESIVOS,Hombre,Muy baja,65 y más años,87.79
2020,N06A,ANTIDEPRESIVOS,Mujer,Alta,65 y más años,197.64
2020,N06A,ANTIDEPRESIVOS,Mujer,Media-baja,65 y más años,257.52
2020,N06A,ANTIDEPRESIVOS,Mujer,Muy baja,65 y más años,281.84
2021,N05A,ANTIPSICOTICOS,Hombre,Alta,00-14,0.39
2021,N05A,ANTIPSICOTICOS,Hombre,Media-baja,00-14,0.51
2021,N05A,ANTIPSICOTICOS,Hombre,Muy baja,00-14,5.22
2021,N05A,ANTIPSICOTICOS,Mujer,Alta,00-14,0.16
2021,N05A,ANTIPSICOTICOS,Mujer,Media-baja,00-14,0.16
2021,N05A,ANTIPSICOTICOS,Mujer,Muy baja,00-14,1.56
2021,N05B,ANSIOLITICOS,Hombre,Alta,00-14,0.28
2021,N05B,ANSIOLITICOS,Hombre,Media-baja,00-14,0.36
2021,N05B,ANSIOLITICOS,Hombre,Muy baja,00-14,1.63
2021,N05B,ANSIOLITICOS,Mujer,Alta,00-14,0.3
2021,N05B,ANSIOLITICOS,Mujer,Media-baja,00-14,0.38
2021,N05B,ANSIOLITICOS,Mujer,Muy baja,00-14,1.55
2021,N05C,HIPNOTICOS Y SEDANTES,Hombre,Alta,00-14,0.01
2021,N05C,HIPNOTICOS Y SEDANTES,Hombre,Media-baja,00-14,0.02
2021,N05C,HIPNOTICOS Y SEDANTES,Hombre,Muy baja,00-14,0.2
2021,N05C,HIPNOTICOS Y SEDANTES,Mujer,Alta,00-14,0.03
2021,N05C,HIPNOTICOS Y SEDANTES,Mujer,Media-baja,00-14,0.07
2021,N05C,HIPNOTICOS Y SEDANTES,Mujer,Muy baja,00-14,0.07
2021,N06A,ANTIDEPRESIVOS,Hombre,Alta,00-14,0.55
2021,N06A,ANTIDEPRESIVOS,Hombre,Media-baja,00-14,0.48
2021,N06A,ANTIDEPRESIVOS,Hombre,Muy baja,00-14,1.9
2021,N06A,ANTIDEPRESIVOS,Mujer,Alta,00-14,1.27
2021,N06A,ANTIDEPRESIVOS,Mujer,Media-baja,00-14,1.06
2021,N06A,ANTIDEPRESIVOS,Mujer,Muy baja,00-14,1.87
2021,N05A,ANTIPSICOTICOS,Hombre,Alta,15-34,2.21
2021,N05A,ANTIPSICOTICOS,Hombre,Media-baja,15-34,5.39
2021,N05A,ANTIPSICOTICOS,Hombre,Muy baja,15-34,37.08
2021,N05A,ANTIPSICOTICOS,Mujer,Alta,15-34,1.45
2021,N05A,ANTIPSICOTICOS,Mujer,Media-baja,15-34,2.22
2021,N05A,ANTIPSICOTICOS,Mujer,Muy baja,15-34,11.22
2021,N05B,ANSIOLITICOS,Hombre,Alta,15-34,3.31
2021,N05B,ANSIOLITICOS,Hombre,Media-baja,15-34,7.57
2021,N05B,ANSIOLITICOS,Hombre,Muy baja,15-34,24.44
2021,N05B,ANSIOLITICOS,Mujer,Alta,15-34,5.72
2021,N05B,ANSIOLITICOS,Mujer,Media-baja,15-34,10.48
2021,N05B,ANSIOLITICOS,Mujer,Muy baja,15-34,22.46
2021,N05C,HIPNOTICOS Y SEDANTES,Hombre,Alta,15-34,0.98
2021,N05C,HIPNOTICOS Y SEDANTES,Hombre,Media-baja,15-34,2.27
2021,N05C,HIPNOTICOS Y SEDANTES,Hombre,Muy baja,15-34,5.71
2021,N05C,HIPNOTICOS Y SEDANTES,Mujer,Alta,15-34,1.94
2021,N05C,HIPNOTICOS Y SEDANTES,Mujer,Media-baja,15-34,3.1
2021,N05C,HIPNOTICOS Y SEDANTES,Mujer,Muy baja,15-34,5.89
2021,N06A,ANTIDEPRESIVOS,Hombre,Alta,15-34,11.37
2021,N06A,ANTIDEPRESIVOS,Hombre,Media-baja,15-34,14.89
2021,N06A,ANTIDEPRESIVOS,Hombre,Muy baja,15-34,26.99
2021,N06A,ANTIDEPRESIVOS,Mujer,Alta,15-34,23.05
2021,N06A,ANTIDEPRESIVOS,Mujer,Media-baja,15-34,28.04
2021,N06A,ANTIDEPRESIVOS,Mujer,Muy baja,15-34,37.72
2021,N05A,ANTIPSICOTICOS,Hombre,Alta,34-64,3.17
2021,N05A,ANTIPSICOTICOS,Hombre,Media-baja,34-64,14.32
2021,N05A,ANTIPSICOTICOS,Hombre,Muy baja,34-64,99.68
2021,N05A,ANTIPSICOTICOS,Mujer,Alta,34-64,4.38
2021,N05A,ANTIPSICOTICOS,Mujer,Media-baja,34-64,8.0
2021,N05A,ANTIPSICOTICOS,Mujer,Muy baja,34-64,43.57
2021,N05B,ANSIOLITICOS,Hombre,Alta,34-64,22.54
2021,N05B,ANSIOLITICOS,Hombre,Media-baja,34-64,40.88
2021,N05B,ANSIOLITICOS,Hombre,Muy baja,34-64,164.37
2021,N05B,ANSIOLITICOS,Mujer,Alta,34-64,44.88
2021,N05B,ANSIOLITICOS,Mujer,Media-baja,34-64,64.02
2021,N05B,ANSIOLITICOS,Mujer,Muy baja,34-64,161.44
2021,N05C,HIPNOTICOS Y SEDANTES,Hombre,Alta,34-64,12.35
2021,N05C,HIPNOTICOS Y SEDANTES,Hombre,Media-baja,34-64,18.4
2021,N05C,HIPNOTICOS Y SEDANTES,Hombre,Muy baja,34-64,53.35
2021,N05C,HIPNOTICOS Y SEDANTES,Mujer,Alta,34-64,22.89
2021,N05C,HIPNOTICOS Y SEDANTES,Mujer,Media-baja,34-64,30.41
2021,N05C,HIPNOTICOS Y SEDANTES,Mujer,Muy baja,34-64,67.87
2021,N06A,ANTIDEPRESIVOS,Hombre,Alta,34-64,30.4
2021,N06A,ANTIDEPRESIVOS,Hombre,Media-baja,34-64,50.43
2021,N06A,ANTIDEPRESIVOS,Hombre,Muy baja,34-64,123.41
2021,N06A,ANTIDEPRESIVOS,Mujer,Alta,34-64,97.8
2021,N06A,ANTIDEPRESIVOS,Mujer,Media-baja,34-64,113.04
2021,N06A,ANTIDEPRESIVOS,Mujer,Muy baja,34-64,217.43
2021,N05A,ANTIPSICOTICOS,Hombre,Alta,65 y más años,5.57
2021,N05A,ANTIPSICOTICOS,Hombre,Media-baja,65 y más años,11.9
2021,N05A,ANTIPSICOTICOS,Hombre,Muy baja,65 y más años,22.73
2021,N05A,ANTIPSICOTICOS,Mujer,Alta,65 y más años,8.99
2021,N05A,ANTIPSICOTICOS,Mujer,Media-baja,65 y más años,14.21
2021,N05A,ANTIPSICOTICOS,Mujer,Muy baja,65 y más años,19.53
2021,N05B,ANSIOLITICOS,Hombre,Alta,65 y más años,50.69
2021,N05B,ANSIOLITICOS,Hombre,Media-baja,65 y más años,67.68
2021,N05B,ANSIOLITICOS,Hombre,Muy baja,65 y más años,90.11
2021,N05B,ANSIOLITICOS,Mujer,Alta,65 y más años,111.76
2021,N05B,ANSIOLITICOS,Mujer,Media-baja,65 y más años,140.93
2021,N05B,ANSIOLITICOS,Mujer,Muy baja,65 y más años,165.71
2021,N05C,HIPNOTICOS Y SEDANTES,Hombre,Alta,65 y más años,45.15
2021,N05C,HIPNOTICOS Y SEDANTES,Hombre,Media-baja,65 y más años,66.02
2021,N05C,HIPNOTICOS Y SEDANTES,Hombre,Muy baja,65 y más años,74.56
2021,N05C,HIPNOTICOS Y SEDANTES,Mujer,Alta,65 y más años,81.3
2021,N05C,HIPNOTICOS Y SEDANTES,Mujer,Media-baja,65 y más años,106.67
2021,N05C,HIPNOTICOS Y SEDANTES,Mujer,Muy baja,65 y más años,120.98
2021,N06A,ANTIDEPRESIVOS,Hombre,Alta,65 y más años,78.29
2021,N06A,ANTIDEPRESIVOS,Hombre,Media-baja,65 y más años,96.49
2021,N06A,ANTIDEPRESIVOS,Hombre,Muy baja,65 y más años,116.55
2021,N06A,ANTIDEPRESIVOS,Mujer,Alta,65 y más años,205.92
2021,N06A,ANTIDEPRESIVOS,Mujer,Media-baja,65 y más años,257.95
2021,N06A,ANTIDEPRESIVOS,Mujer,Muy baja,65 y más años,284.6
2022,N05A,ANTIPSICOTICOS,Hombre,Alta,00-14,0.37
2022,N05A,ANTIPSICOTICOS,Hombre,Media-baja,00-14,0.53
2022,N05A,ANTIPSICOTICOS,Hombre,Muy baja,00-14,4.89
2022,N05A,ANTIPSICOTICOS,Mujer,Alta,00-14,0.16
2022,N05A,ANTIPSICOTICOS,Mujer,Media-baja,00-14,0.19
2022,N05A,ANTIPSICOTICOS,Mujer,Muy baja,00-14,1.32
2022,N05B,ANSIOLITICOS,Hombre,Alta,00-14,0.3
2022,N05B,ANSIOLITICOS,Hombre,Media-baja,00-14,0.41
2022,N05B,ANSIOLITICOS,Hombre,Muy baja,00-14,1.49
2022,N05B,ANSIOLITICOS,Mujer,Alta,00-14,0.31
2022,N05B,ANSIOLITICOS,Mujer,Media-baja,00-14,0.45
2022,N05B,ANSIOLITICOS,Mujer,Muy baja,00-14,1.47
2022,N05C,HIPNOTICOS Y SEDANTES,Hombre,Alta,00-14,0.01
2022,N05C,HIPNOTICOS Y SEDANTES,Hombre,Media-baja,00-14,0.01
2022,N05C,HIPNOTICOS Y SEDANTES,Hombre,Muy baja,00-14,0.016
2022,N05C,HIPNOTICOS Y SEDANTES,Mujer,Alta,00-14,0.04
2022,N05C,HIPNOTICOS Y SEDANTES,Mujer,Media-baja,00-14,0.02
2022,N05C,HIPNOTICOS Y SEDANTES,Mujer,Muy baja,00-14,0.011
2022,N06A,ANTIDEPRESIVOS,Hombre,Alta,00-14,0.58
2022,N06A,ANTIDEPRESIVOS,Hombre,Media-baja,00-14,0.63
2022,N06A,ANTIDEPRESIVOS,Hombre,Muy baja,00-14,2.07
2022,N06A,ANTIDEPRESIVOS,Mujer,Alta,00-14,1.37
2022,N06A,ANTIDEPRESIVOS,Mujer,Media-baja,00-14,1.26
2022,N06A,ANTIDEPRESIVOS,Mujer,Muy baja,00-14,2.02
2022,N05A,ANTIPSICOTICOS,Hombre,Alta,15-34,2.41
2022,N05A,ANTIPSICOTICOS,Hombre,Media-baja,15-34,5.52
2022,N05A,ANTIPSICOTICOS,Hombre,Muy baja,15-34,33.34
2022,N05A,ANTIPSICOTICOS,Mujer,Alta,15-34,1.77
2022,N05A,ANTIPSICOTICOS,Mujer,Media-baja,15-34,2.63
2022,N05A,ANTIPSICOTICOS,Mujer,Muy baja,15-34,11.84
2022,N05B,ANSIOLITICOS,Hombre,Alta,15-34,3.54
2022,N05B,ANSIOLITICOS,Hombre,Media-baja,15-34,7.48
2022,N05B,ANSIOLITICOS,Hombre,Muy baja,15-34,22.38
2022,N05B,ANSIOLITICOS,Mujer,Alta,15-34,5.91
2022,N05B,ANSIOLITICOS,Mujer,Media-baja,15-34,10.89
2022,N05B,ANSIOLITICOS,Mujer,Muy baja,15-34,21.09
2022,N05C,HIPNOTICOS Y SEDANTES,Hombre,Alta,15-34,1.27
2022,N05C,HIPNOTICOS Y SEDANTES,Hombre,Media-baja,15-34,2.33
2022,N05C,HIPNOTICOS Y SEDANTES,Hombre,Muy baja,15-34,5.72
2022,N05C,HIPNOTICOS Y SEDANTES,Mujer,Alta,15-34,2.24
2022,N05C,HIPNOTICOS Y SEDANTES,Mujer,Media-baja,15-34,3.63
2022,N05C,HIPNOTICOS Y SEDANTES,Mujer,Muy baja,15-34,6.03
2022,N06A,ANTIDEPRESIVOS,Hombre,Alta,15-34,12.61
2022,N06A,ANTIDEPRESIVOS,Hombre,Media-baja,15-34,16.65
2022,N06A,ANTIDEPRESIVOS,Hombre,Muy baja,15-34,25.97
2022,N06A,ANTIDEPRESIVOS,Mujer,Alta,15-34,28.96
2022,N06A,ANTIDEPRESIVOS,Mujer,Media-baja,15-34,34.12
2022,N06A,ANTIDEPRESIVOS,Mujer,Muy baja,15-34,40.0
2022,N05A,ANTIPSICOTICOS,Hombre,Alta,34-64,3.47
2022,N05A,ANTIPSICOTICOS,Hombre,Media-baja,34-64,14.28
2022,N05A,ANTIPSICOTICOS,Hombre,Muy baja,34-64,100.98
2022,N05A,ANTIPSICOTICOS,Mujer,Alta,34-64,4.44
2022,N05A,ANTIPSICOTICOS,Mujer,Media-baja,34-64,7.92
2022,N05A,ANTIPSICOTICOS,Mujer,Muy baja,34-64,44.08
2022,N05B,ANSIOLITICOS,Hombre,Alta,34-64,22.04
2022,N05B,ANSIOLITICOS,Hombre,Media-baja,34-64,38.98
2022,N05B,ANSIOLITICOS,Hombre,Muy baja,34-64,157.1
2022,N05B,ANSIOLITICOS,Mujer,Alta,34-64,43.75
2022,N05B,ANSIOLITICOS,Mujer,Media-baja,34-64,61.33
2022,N05B,ANSIOLITICOS,Mujer,Muy baja,34-64,153.65
2022,N05C,HIPNOTICOS Y SEDANTES,Hombre,Alta,34-64,12.49
2022,N05C,HIPNOTICOS Y SEDANTES,Hombre,Media-baja,34-64,18.11
2022,N05C,HIPNOTICOS Y SEDANTES,Hombre,Muy baja,34-64,52.37
2022,N05C,HIPNOTICOS Y SEDANTES,Mujer,Alta,34-64,23.32
2022,N05C,HIPNOTICOS Y SEDANTES,Mujer,Media-baja,34-64,30.4
2022,N05C,HIPNOTICOS Y SEDANTES,Mujer,Muy baja,34-64,66.88
2022,N06A,ANTIDEPRESIVOS,Hombre,Alta,34-64,43.59
2022,N06A,ANTIDEPRESIVOS,Hombre,Media-baja,34-64,55.18
2022,N06A,ANTIDEPRESIVOS,Hombre,Muy baja,34-64,130.01
2022,N06A,ANTIDEPRESIVOS,Mujer,Alta,34-64,103.88
2022,N06A,ANTIDEPRESIVOS,Mujer,Media-baja,34-64,118.46
2022,N06A,ANTIDEPRESIVOS,Mujer,Muy baja,34-64,224.4
2022,N05A,ANTIPSICOTICOS,Hombre,Alta,65 y más años,5.73
2022,N05A,ANTIPSICOTICOS,Hombre,Media-baja,65 y más años,12.32
2022,N05A,ANTIPSICOTICOS,Hombre,Muy baja,65 y más años,25.54
2022,N05A,ANTIPSICOTICOS,Mujer,Alta,65 y más años,9.52
2022,N05A,ANTIPSICOTICOS,Mujer,Media-baja,65 y más años,14.59
2022,N05A,ANTIPSICOTICOS,Mujer,Muy baja,65 y más años,20.19
2022,N05B,ANSIOLITICOS,Hombre,Alta,65 y más años,59.58
2022,N05B,ANSIOLITICOS,Hombre,Media-baja,65 y más años,65.09
2022,N05B,ANSIOLITICOS,Hombre,Muy baja,65 y más años,88.47
2022,N05B,ANSIOLITICOS,Mujer,Alta,65 y más años,108.25
2022,N05B,ANSIOLITICOS,Mujer,Media-baja,65 y más años,135.51
2022,N05B,ANSIOLITICOS,Mujer,Muy baja,65 y más años,160.53
2022,N05C,HIPNOTICOS Y SEDANTES,Hombre,Alta,65 y más años,45.13
2022,N05C,HIPNOTICOS Y SEDANTES,Hombre,Media-baja,65 y más años,61.15
2022,N05C,HIPNOTICOS Y SEDANTES,Hombre,Muy baja,65 y más años,74.64
2022,N05C,HIPNOTICOS Y SEDANTES,Mujer,Alta,65 y más años,82.31
2022,N05C,HIPNOTICOS Y SEDANTES,Mujer,Media-baja,65 y más años,104.87
2022,N05C,HIPNOTICOS Y SEDANTES,Mujer,Muy baja,65 y más años,120.51
2022,N06A,ANTIDEPRESIVOS,Hombre,Alta,65 y más años,82.28
2022,N06A,ANTIDEPRESIVOS,Hombre,Media-baja,65 y más años,100.02
2022,N06A,ANTIDEPRESIVOS,Hombre,Muy baja,65 y más años,122.61
2022,N06A,ANTIDEPRESIVOS,Mujer,Alta,65 y más años,216.09
2022,N06A,ANTIDEPRESIVOS,Mujer,Media-baja,65 y más años,263.82
2022,N06A,ANTIDEPRESIVOS,Mujer,Muy baja,65 y más años,293.06
2023,N05A,ANTIPSICOTICOS,Hombre,Alta,00-14,0.38
2023,N05A,ANTIPSICOTICOS,Hombre,Media-baja,00-14,0.6
2023,N05A,ANTIPSICOTICOS,Hombre,Muy baja,00-14,5.07
2023,N05A,ANTIPSICOTICOS,Mujer,Alta,00-14,0.18
2023,N05A,ANTIPSICOTICOS,Mujer,Media-baja,00-14,0.19
2023,N05A,ANTIPSICOTICOS,Mujer,Muy baja,00-14,1.33
2023,N05B,ANSIOLITICOS,Hombre,Alta,00-14,0.31
2023,N05B,ANSIOLITICOS,Hombre,Media-baja,00-14,0.4
2023,N05B,ANSIOLITICOS,Hombre,Muy baja,00-14,1.38
2023,N05B,ANSIOLITICOS,Mujer,Alta,00-14,0.32
2023,N05B,ANSIOLITICOS,Mujer,Media-baja,00-14,0.42
2023,N05B,ANSIOLITICOS,Mujer,Muy baja,00-14,1.3
2023,N05C,HIPNOTICOS Y SEDANTES,Hombre,Alta,00-14,0.02
2023,N05C,HIPNOTICOS Y SEDANTES,Hombre,Media-baja,00-14,0.03
2023,N05C,HIPNOTICOS Y SEDANTES,Hombre,Muy baja,00-14,0.19
2023,N05C,HIPNOTICOS Y SEDANTES,Mujer,Alta,00-14,0.04
2023,N05C,HIPNOTICOS Y SEDANTES,Mujer,Media-baja,00-14,0.06
2023,N05C,HIPNOTICOS Y SEDANTES,Mujer,Muy baja,00-14,0.16
2023,N06A,ANTIDEPRESIVOS,Hombre,Alta,00-14,0.68
2023,N06A,ANTIDEPRESIVOS,Hombre,Media-baja,00-14,0.67
2023,N06A,ANTIDEPRESIVOS,Hombre,Muy baja,00-14,2.37
2023,N06A,ANTIDEPRESIVOS,Mujer,Alta,00-14,1.39
2023,N06A,ANTIDEPRESIVOS,Mujer,Media-baja,00-14,1.14
2023,N06A,ANTIDEPRESIVOS,Mujer,Muy baja,00-14,2.05
2023,N05A,ANTIPSICOTICOS,Hombre,Alta,15-34,2.6
2023,N05A,ANTIPSICOTICOS,Hombre,Media-baja,15-34,6.14
2023,N05A,ANTIPSICOTICOS,Hombre,Muy baja,15-34,33.0
2023,N05A,ANTIPSICOTICOS,Mujer,Alta,15-34,1.96
2023,N05A,ANTIPSICOTICOS,Mujer,Media-baja,15-34,3.01
2023,N05A,ANTIPSICOTICOS,Mujer,Muy baja,15-34,12.31
2023,N05B,ANSIOLITICOS,Hombre,Alta,15-34,3.68
2023,N05B,ANSIOLITICOS,Hombre,Media-baja,15-34,7.8
2023,N05B,ANSIOLITICOS,Hombre,Muy baja,15-34,20.77
2023,N05B,ANSIOLITICOS,Mujer,Alta,15-34,6.09
2023,N05B,ANSIOLITICOS,Mujer,Media-baja,15-34,10.86
2023,N05B,ANSIOLITICOS,Mujer,Muy baja,15-34,19.83
2023,N05C,HIPNOTICOS Y SEDANTES,Hombre,Alta,15-34,1.32
2023,N05C,HIPNOTICOS Y SEDANTES,Hombre,Media-baja,15-34,2.44
2023,N05C,HIPNOTICOS Y SEDANTES,Hombre,Muy baja,15-34,5.08
2023,N05C,HIPNOTICOS Y SEDANTES,Mujer,Alta,15-34,2.47
2023,N05C,HIPNOTICOS Y SEDANTES,Mujer,Media-baja,15-34,3.87
2023,N05C,HIPNOTICOS Y SEDANTES,Mujer,Muy baja,15-34,5.83
2023,N06A,ANTIDEPRESIVOS,Hombre,Alta,15-34,13.94
2023,N06A,ANTIDEPRESIVOS,Hombre,Media-baja,15-34,18.47
2023,N06A,ANTIDEPRESIVOS,Hombre,Muy baja,15-34,27.22
2023,N06A,ANTIDEPRESIVOS,Mujer,Alta,15-34,31.46
2023,N06A,ANTIDEPRESIVOS,Mujer,Media-baja,15-34,38.52
2023,N06A,ANTIDEPRESIVOS,Mujer,Muy baja,15-34,41.93
2023,N05A,ANTIPSICOTICOS,Hombre,Alta,34-64,3.92
2023,N05A,ANTIPSICOTICOS,Hombre,Media-baja,34-64,15.81
2023,N05A,ANTIPSICOTICOS,Hombre,Muy baja,34-64,102.27
2023,N05A,ANTIPSICOTICOS,Mujer,Alta,34-64,4.76
2023,N05A,ANTIPSICOTICOS,Mujer,Media-baja,34-64,8.59
2023,N05A,ANTIPSICOTICOS,Mujer,Muy baja,34-64,45.44
2023,N05B,ANSIOLITICOS,Hombre,Alta,34-64,22.2
2023,N05B,ANSIOLITICOS,Hombre,Media-baja,34-64,40.57
2023,N05B,ANSIOLITICOS,Hombre,Muy baja,34-64,151.8
2023,N05B,ANSIOLITICOS,Mujer,Alta,34-64,42.95
2023,N05B,ANSIOLITICOS,Mujer,Media-baja,34-64,60.89
2023,N05B,ANSIOLITICOS,Mujer,Muy baja,34-64,149.22
2023,N05C,HIPNOTICOS Y SEDANTES,Hombre,Alta,34-64,12.83
2023,N05C,HIPNOTICOS Y SEDANTES,Hombre,Media-baja,34-64,18.71
2023,N05C,HIPNOTICOS Y SEDANTES,Hombre,Muy baja,34-64,49.55
2023,N05C,HIPNOTICOS Y SEDANTES,Mujer,Alta,34-64,23.77
2023,N05C,HIPNOTICOS Y SEDANTES,Mujer,Media-baja,34-64,30.62
2023,N05C,HIPNOTICOS Y SEDANTES,Mujer,Muy baja,34-64,64.48
2023,N06A,ANTIDEPRESIVOS,Hombre,Alta,34-64,46.98
2023,N06A,ANTIDEPRESIVOS,Hombre,Media-baja,34-64,56.84
2023,N06A,ANTIDEPRESIVOS,Hombre,Muy baja,34-64,133.27
2023,N06A,ANTIDEPRESIVOS,Mujer,Alta,34-64,109.23
2023,N06A,ANTIDEPRESIVOS,Mujer,Media-baja,34-64,125.07
2023,N06A,ANTIDEPRESIVOS,Mujer,Muy baja,34-64,230.35
2023,N05A,ANTIPSICOTICOS,Hombre,Alta,65 y más años,6.19
2023,N05A,ANTIPSICOTICOS,Hombre,Media-baja,65 y más años,13.35
2023,N05A,ANTIPSICOTICOS,Hombre,Muy baja,65 y más años,28.84
2023,N05A,ANTIPSICOTICOS,Mujer,Alta,65 y más años,10.37
2023,N05A,ANTIPSICOTICOS,Mujer,Media-baja,65 y más años,15.6
2023,N05A,ANTIPSICOTICOS,Mujer,Muy baja,65 y más años,22.03
2023,N05B,ANSIOLITICOS,Hombre,Alta,65 y más años,48.97
2023,N05B,ANSIOLITICOS,Hombre,Media-baja,65 y más años,64.73
2023,N05B,ANSIOLITICOS,Hombre,Muy baja,65 y más años,88.99
2023,N05B,ANSIOLITICOS,Mujer,Alta,65 y más años,107.24
2023,N05B,ANSIOLITICOS,Mujer,Media-baja,65 y más años,133.16
2023,N05B,ANSIOLITICOS,Mujer,Muy baja,65 y más años,158.34
2023,N05C,HIPNOTICOS Y SEDANTES,Hombre,Alta,65 y más años,45.77
2023,N05C,HIPNOTICOS Y SEDANTES,Hombre,Media-baja,65 y más años,60.93
2023,N05C,HIPNOTICOS Y SEDANTES,Hombre,Muy baja,65 y más años,74.49
2023,N05C,HIPNOTICOS Y SEDANTES,Mujer,Alta,65 y más años,82.58
2023,N05C,HIPNOTICOS Y SEDANTES,Mujer,Media-baja,65 y más años,103.45
2023,N05C,HIPNOTICOS Y SEDANTES,Mujer,Muy baja,65 y más años,118.79
2023,N06A,ANTIDEPRESIVOS,Hombre,Alta,65 y más años,87.88
2023,N06A,ANTIDEPRESIVOS,Hombre,Media-baja,65 y más años,105.25
2023,N06A,ANTIDEPRESIVOS,Hombre,Muy baja,65 y más años,130.69
2023,N06A,ANTIDEPRESIVOS,Mujer,Alta,65 y más años,227.36
2023,N06A,ANTIDEPRESIVOS,Mujer,Media-baja,65 y más años,274.21
2023,N06A,ANTIDEPRESIVOS,Mujer,Muy baja,65 y más años,305.41
